{"model_name": "Lenet_model_with_batchnorm", "Bacth Normalization": true, "train_loss": 0.09816661477088928, "train_acc": 0.9643375277519226, "val_acc": 0.8917447924613953, "val_loss": 0.25842979550361633, "test_loss": 0.14054263896915084, "test_acc": 0.9492030581832318, "time_taken": 115.66150164604187, "model_save_path": "./drive/MyDrive/data/best_Lenet_model_with_batchnorm_128.h5", "image_size": [128, 128]}