{"model_name": "Lenet_model_without_batchnorm", "Bacth Normalization": false, "train_loss": 0.10836979001760483, "train_acc": 0.9605899453163147, "val_acc": 0.9470819234848022, "val_loss": 0.15237873792648315, "test_loss": 0.14444548261517764, "test_acc": 0.9502397304652067, "time_taken": 729.168060541153, "model_save_path": "./drive/MyDrive/data/best_Lenet_model_without_batchnorm_128.h5", "image_size": [128, 128]}