{"model_name": "AlexNet_model_without_batchnorm", "Bacth Normalization": false, "train_loss": 0.6933631300926208, "train_acc": 0.49830755591392517, "val_acc": 0.5001512169837952, "val_loss": 0.6931600570678711, "test_loss": 0.6934639005198544, "test_acc": 0.49993520798237656, "time_taken": 100.95769953727722, "model_save_path": "./drive/MyDrive/data/best_AlexNet_model_without_batchnorm_128.h5", "image_size": [128, 128]}