{"model_name": "AlexNet_model_with_batchnorm", "Bacth Normalization": true, "train_loss": 0.1276254951953888, "train_acc": 0.9575072526931763, "val_acc": 0.9485939145088196, "val_loss": 0.15324124693870544, "test_loss": 0.1416919635514464, "test_acc": 0.9555526759103279, "time_taken": 185.1206088066101, "model_save_path": "./drive/MyDrive/data/best_AlexNet_model_with_batchnorm_128.h5", "image_size": [128, 128]}